,제목,좋아요 수,조회수,게시일
1,You Won’t Believe This Cat Saved a Baby #youtubeshorts #viralshorts,1108083,28858086,2025-10-09T10:07:01+00:00
2,"이젠 점프는 못해도, 주인만 보면 마냥 반가운 리트리버",196176,7047699,2025-10-04T11:16:01+00:00
3,역대급 아이들 웃픈 순간들 랭킹 TOP9,118802,3344857,2025-10-09T09:00:05+00:00
4,바비인형 메이크업 숏폼대왕 히든템 총동원,98670,2751933,2025-10-12T00:50:01+00:00
5,대박.. 컴퓨터에 숨겨진 기능 3가지,91718,2138444,2025-10-09T09:00:45+00:00
6,매일 새끼를 데리고 다니는 엄마 고양이,83945,2891529,2025-10-09T09:10:00+00:00
7,이런게 진짜 '주'술사,80064,2121295,2025-10-11T01:00:42+00:00
8,솜뭉치의 넘치는 에너지 ㅋㅋ,73597,2186519,2025-10-10T21:00:42+00:00
9,역대급 고양이 속이기 랭킹 TOP8,70805,3230718,2025-10-09T07:00:03+00:00
10,구하기 어렵다는 아이폰17 프로 맥스 스펙,63396,2335291,2025-10-04T07:40:22+00:00
11,프랑스어에 당한 황우슬혜 ㅋㅋㅋ,63229,2922883,2025-10-10T17:50:16+00:00
12,(중요)당장 내폰도 막으세요(꽂는 순간 싹털립니다),61777,2328747,2025-10-03T07:50:01+00:00
13,역대급 강박증 고양이들 랭킹 TOP8,54056,1550148,2025-10-12T03:00:01+00:00
14,갤럭시로 비 오는 날 밤에 길거리 사진 예쁘게 찍는 법 #사진 #사진강좌 #사진잘찍는법 #갤럭시 #갤럭시꿀팁,53468,1296391,2025-10-06T12:00:51+00:00
15,아빠에게 낡은 중고차 선물을 받은 딸의 반응,53293,2112176,2025-10-09T03:00:51+00:00
16,문상훈과 수지의 공통점,50805,2287341,2025-10-10T04:15:01+00:00
17,역대급 테이프 장난들 랭킹 TOP5,49535,2180518,2025-10-12T09:00:55+00:00
18,세계관 못 들어간 이영자🤣 이명화 세계관 뭐야ㅋㅋ,49033,4764907,2025-10-07T10:17:14+00:00
19,1박 2일 전설의 신입PD 몰래카메라,45566,3197854,2025-10-10T14:00:53+00:00
20,집에서 덤벨 하나로 복근 코어 짱짱하게 만드는 루틴 #덤벨,45122,2592281,2025-10-07T07:42:46+00:00
21,Người Cuối Cùng Còn Thử Thách SINH TỒN Trên BÃI BIỂN Sẽ Thắng 10 Triệu,44040,2728497,2025-09-27T11:00:11+00:00
22,상어에게 쫓겨도 정신만 차리면 산다ㅋㅋ,41580,3564418,2025-10-06T23:00:05+00:00
23,남매끼리 역대급 랜덤요리 게임 5탄ㅋㅋㅋㅋㅋㅋ,41257,1191339,2025-10-11T14:13:51+00:00
24,일본에서 유부 우동을 주문하면 생기는 일,38282,1884090,2025-10-09T12:01:44+00:00
25,네???????????,36924,1386355,2025-10-10T03:00:49+00:00
26,눈치없는 아빠지키려는 똑똑한 리트리버#골든 리트리버#웃긴동물,33425,1812370,2025-10-10T14:29:31+00:00
27,러시아판 서바이벌게임 우승자 클래스!,31486,1763144,2025-10-10T05:00:05+00:00
28,가장 모자란 줄 알았던 친구가 사실 천재였다 #퍼스트라이드 #10월29일대개봉 #영화,31046,1325593,2025-10-14T09:16:17+00:00
29,결혼 했는데 남편 직업을 몰라요,30793,1860102,2025-10-13T11:01:01+00:00
30,돈 진짜 많이 깨지는 취미 3대장,26750,1671540,2025-10-12T03:01:03+00:00
31,민경훈 레전드 삼행시 미쳤음ㅋㅋㅋㅋ #아는형님 #아형 #예능 #웃긴숏츠 #엄정화 #민경훈,26676,2655853,2025-10-09T11:56:10+00:00
32,맥도날드에 고양이 손님,26216,961247,2025-10-12T04:17:08+00:00
33,NC사장이 싫어하는 마우스ㅋㅋ,23601,1709322,2025-10-04T06:30:21+00:00
34,스피커폰으로 911끼리 통화시키기,18327,212890,2025-10-12T04:30:25+00:00
35,갤럭시 vs 아이폰 vs 샤오미,15824,443574,2025-10-10T10:01:00+00:00
36,매출하락이 걱정되는 애플펜슬,15824,653602,2025-10-06T14:45:05+00:00
37,세상에서 가장 빠른 개는? 속도 대결의 최종 승자 공개!,15327,1504644,2025-10-11T06:05:00+00:00
38,세계에서 가장 이상한 자동차 핸들 모음,11184,1777329,2025-10-10T07:32:32+00:00
39,무선 이어폰 어서오고.. 고장난 젠하이저 모멘텀 트루 와이어리스 2,9500,351920,2025-10-12T09:07:07+00:00
40,"Homebody in New York | All I want after traveling is a simple meal and TV, bridal beauty treatments!",8028,230836,2025-10-11T01:52:11+00:00
41,삼성폰에 한정판이 나온다면?!,7476,172258,2025-10-13T08:09:13+00:00
42,대한민국 무동력 트레드밀 1인자 #shorts,3718,633133,2025-10-13T10:22:43+00:00
43,해외로 워크샵 가는 회사 어떤데!! - 🌴세부 워크샵 1편,2565,115220,2025-10-03T11:57:35+00:00
44,"급찐급빠(-4.7kg)하는 직장인 브이로그 | 머리하는데 5시간 걸림, 식단빵 만들기 | 추석 연휴 전 일상",2247,95794,2025-10-12T13:59:47+00:00
45,일주일간 저의 의식주를 공개합니다~👚🍚🏡 다양하게 입어보는 꾸안꾸 가을룩북 그리고 배꼽성형상담••? 망원 합정 지박령 24살의 일상🎶 구독자 이벤트까지~ʢᵕᴗᵕʡ♥,1845,134079,2025-10-04T03:00:47+00:00
46,28주 임산부의 2달 시댁 요양 브이로그 마지막 편 │ 케데헌에 미친 남편- 케데헌 썰풀이,1598,29216,2025-10-08T09:01:20+00:00
47,"호주에서 절절한 이별하는 브이로그,,,,,🥹💦 요치 아이스크림🍦• 짬뽕, 탕수육 먹방 • 어그 쇼핑 • 브런치 카페 • 도서관 언어교환 밋업 • 알리오올리오🧄 • 눈물의 이별💧",1503,66895,2025-10-09T10:00:46+00:00
48,흔한 20대 중후반이 생일을 보내는 법,1134,56591,2025-10-10T11:31:02+00:00
49,"대학원생 일상 | 교수님 면담, 추석 KTX 예매, 오랜만에 혼술 🍺",0,38496,2025-10-09T10:54:01+00:00
